{"cameraMode":{"drawMode":0,"name":"Shaded","section":"Shading Mode"},"sceneLighting":false,"audioPlay":false,"sceneViewState":{"showFog":true,"showMaterialUpdate":false,"showSkybox":true,"showFlares":true,"showImageEffects":true,"showParticleSystems":true},"in2DMode":false,"pivot":{"x":0.6274226903915405,"y":-2.447768449783325,"z":0.5027205348014832},"rotation":{"x":-0.0064011551439762119,"y":0.9831613302230835,"z":-0.17922058701515199,"w":-0.035111818462610248},"size":0.7416588664054871,"orthographic":false}